Food_Item,Type,Scientific_Name,IFCT_Code,Calories_kcal,Protein_g,Fat_g,Carbohydrates_g,Fiber_g,Calcium_mg,Iron_mg,Vitamin_C_mg,health_benefits,intake_methods,Key_Vitamin,Key_Vitamin_Value,Key_Vitamin_Unit,Vitamin_Explanation
Chicken (Skinless),Meat,Gallus gallus domesticus,N003,168,21.81,9.0,0.0,0.0,14.8,1.3,0.0,"High-quality lean protein rich in niacin (B3), vitamin B6, and phosphorus; essential for muscle hypertrophy, metabolic rate, and cellular tissue repair.","Grilled, boiled, prepared in traditional South Indian chicken curry / pepper fry, or shredded into clear soups and salads.",Vitamin B3 (Niacin),13.7,mg,"Skinless chicken breast is exceptionally dense in niacin (vitamin B3) and vitamin B6, vital for muscle metabolism."
Mutton / Goat Meat,Meat,Capra hircus,O001,188,20.33,11.94,0.0,0.0,12.5,2.4,0.0,"Dense in bioavailable heme iron, zinc, and vitamin B12; prevents iron-deficiency anemia, supports red blood cell production, and builds stamina.","Stewed into mutton bone soup / leg soup (marakari), braised in mutton sukka with whole spices, or cooked in rich curries.",Vitamin B12,2.62,µg,"Goat meat/mutton is an outstanding source of vitamin B12 and heme iron, essential for red blood cell formation."
Vanjaram / Seer Fish (King Mackerel),Fish,Scomberomorus commerson,P087,136,22.28,5.18,0.0,0.0,35.0,1.5,0.0,"Excellent source of marine Omega-3 fatty acids (EPA/DHA) and high-density protein; reduces arterial inflammation, supports brain function, and promotes cardiovascular wellness.","Tawa grilled/pan-seared with turmeric and chilli paste, simmered in traditional meen kulambu, or steamed with herbs.",Vitamin B12,12.0,µg,"Vanjaram seer fish is extraordinarily rich in vitamin B12 and long-chain Omega-3s (EPA/DHA) for cognitive and cardiovascular wellness."
Sankara / Red Snapper,Fish,Lutjanus argentimaculatus,P065,104,22.79,1.34,0.0,0.0,40.0,0.9,0.0,"Extremely lean, low-calorie white fish packed with selenium and potassium; boosts metabolic health, protects thyroid function, and supports lean muscle recovery.","Cooked in sour and spicy village-style fish gravy (Sankara meen kulambu), baked with garlic-lemon marinade, or shallow fried.",Vitamin B12,3.0,µg,"Red Snapper (Sankara) provides high-quality protein and vitamin B12 to support neurological health."
Nethili / Anchovy,Fish,Stolephorus indicus,P003,88,19.88,0.78,0.0,0.0,380.0,2.1,0.0,"Eaten whole with bones; extraordinarily high in calcium and phosphorus to dramatically increase bone mineral density and prevent joint degradation.","Prepared as spicy Nethili meen fry, slow-cooked in tangy tomato-tamarind gravy, or dried and used in herbal thuvaiyals.",Vitamin B3 (Niacin),14.0,mg,"Nethili anchovies supply remarkable concentrations of niacin (vitamin B3) and vitamin D alongside bioavailable calcium."
Mathi / Sardine,Fish,Sardinella longiceps,P071,152,17.91,8.99,0.0,0.0,90.0,2.5,0.0,"Powerhouse of long-chain Omega-3 fatty acids, vitamin D, and CoQ10; lowers blood triglycerides, improves insulin sensitivity, and protects brain neural health.","Cooked in spicy clay-pot Mathi kulambu with garlic and fenugreek seeds, grilled whole, or pan-fried with curry leaves.",Vitamin D,4.8,µg,"Mathi sardines are one of the few potent natural food sources of vitamin D and vitamin B12, critical for bone and immune health."
Vavval / White Pomfret,Fish,Pampus argenteus,P057,123,19.02,5.12,0.0,0.0,28.0,1.1,0.0,"Delicate, easily digestible protein packed with vitamin B12 and healthy unsaturated fatty acids; aids eyesight health, rejuvenates skin, and supports cardiac flow.","Whole marinated tawa roast, cooked in coconut-coriander based fish curry, or gently steamed with ginger and pepper.",Vitamin B12,2.8,µg,"White Pomfret supplies easily digestible protein, vitamin B12, and vitamin A for visual acuity and tissue repair."
Prawn / Eral,Seafood,Penaeus monodon,Q008,65,14.25,0.74,0.0,0.0,75.0,1.2,0.0,"Lean source of high-biological value protein, astaxanthin antioxidant, iodine, and selenium; aids thyroid regulation and cellular cellular defense.","Cooked into spicy Eral masala / thokku, simmered in coconut milk prawn curry, or pan-seared with crushed black pepper and garlic.",Vitamin B12,1.7,µg,"Prawns provide vitamin B12, selenium, and astaxanthin antioxidant to support cellular metabolic defense."
Goat Blood / Ratham,Meat (Offal),Capra hircus (Blood),NVIF / Traditional,75,17.5,0.2,0.1,0.0,10.0,28.5,0.0,"Unrivaled concentration of bioavailable heme iron and complete protein; rapidly elevates blood hemoglobin levels, restores vitality, and combats severe anemia.","Scrambled into traditional South Indian Ratha Poriyal with shallots, green chillies, curry leaves, and grated coconut.",Vitamin B12,15.0,µg,"Goat blood provides an exceptionally high concentration of vitamin B12 and bioavailable heme iron, crucial for rapid hemoglobin recovery."
